{"mean":{"confidence_interval":{"confidence_level":0.95,"lower_bound":68167067.32225,"upper_bound":68551257.5595},"point_estimate":68344773.83,"standard_error":97907.36072220882},"median":{"confidence_interval":{"confidence_level":0.95,"lower_bound":68106129.0,"upper_bound":68352280.625},"point_estimate":68182932.0,"standard_error":68234.91862881817},"median_abs_dev":{"confidence_interval":{"confidence_level":0.95,"lower_bound":412897.42096960545,"upper_bound":760173.4845042229},"point_estimate":601083.8356286287,"standard_error":85225.88930624619},"slope":null,"std_dev":{"confidence_interval":{"confidence_level":0.95,"lower_bound":614819.3261221732,"upper_bound":1392033.7677655288},"point_estimate":986168.5206702298,"standard_error":217763.62010601448}}