{"mean":{"confidence_interval":{"confidence_level":0.95,"lower_bound":38156440.1625,"upper_bound":38329518.797249995},"point_estimate":38239103.545,"standard_error":44177.46659021497},"median":{"confidence_interval":{"confidence_level":0.95,"lower_bound":38092316.75,"upper_bound":38269753.5},"point_estimate":38192658.5,"standard_error":47109.225386960956},"median_abs_dev":{"confidence_interval":{"confidence_level":0.95,"lower_bound":269346.9024181366,"upper_bound":427005.8423191309},"point_estimate":347227.50838547945,"standard_error":40422.00018487934},"slope":null,"std_dev":{"confidence_interval":{"confidence_level":0.95,"lower_bound":328129.65667109727,"upper_bound":576649.9840087155},"point_estimate":445046.09543890465,"standard_error":66703.12974689426}}