{"mean":{"confidence_interval":{"confidence_level":0.95,"lower_bound":166265109.146,"upper_bound":167672839.03575},"point_estimate":166954339.49,"standard_error":358875.358901578},"median":{"confidence_interval":{"confidence_level":0.95,"lower_bound":165327458.0,"upper_bound":167339306.0},"point_estimate":166270679.0,"standard_error":517304.0543111354},"median_abs_dev":{"confidence_interval":{"confidence_level":0.95,"lower_bound":2864795.3119397163,"upper_bound":4659951.822969317},"point_estimate":3579461.1315518618,"standard_error":449534.3815269827},"slope":null,"std_dev":{"confidence_interval":{"confidence_level":0.95,"lower_bound":3031201.2138953595,"upper_bound":4191862.3817611383},"point_estimate":3608283.3824941255,"standard_error":298454.4901260959}}