{"mean":{"confidence_interval":{"confidence_level":0.95,"lower_bound":25102829.986333337,"upper_bound":25489199.69908333},"point_estimate":25291751.24999999,"standard_error":98934.10603664342},"median":{"confidence_interval":{"confidence_level":0.95,"lower_bound":24898790.666666664,"upper_bound":25382625.0},"point_estimate":25195492.0,"standard_error":127366.31766798516},"median_abs_dev":{"confidence_interval":{"confidence_level":0.95,"lower_bound":767376.4493763428,"upper_bound":1325447.8852885996},"point_estimate":1039628.0122429132,"standard_error":141027.11880703055},"slope":null,"std_dev":{"confidence_interval":{"confidence_level":0.95,"lower_bound":819228.0128666479,"upper_bound":1180415.0063312105},"point_estimate":994871.7012220348,"standard_error":93846.17243910574}}