{"mean":{"confidence_interval":{"confidence_level":0.95,"lower_bound":18725070.746166665,"upper_bound":18810782.202833336},"point_estimate":18766675.28,"standard_error":21833.239542270177},"median":{"confidence_interval":{"confidence_level":0.95,"lower_bound":18702043.166666668,"upper_bound":18813664.166666664},"point_estimate":18777651.0,"standard_error":31551.738063579854},"median_abs_dev":{"confidence_interval":{"confidence_level":0.95,"lower_bound":145779.8547118893,"upper_bound":238369.2114680987},"point_estimate":193207.23946988583,"standard_error":23791.8032808223},"slope":null,"std_dev":{"confidence_interval":{"confidence_level":0.95,"lower_bound":167925.3247340769,"upper_bound":279503.4699332165},"point_estimate":219155.08274912555,"standard_error":30058.21585169496}}