{"mean":{"confidence_interval":{"confidence_level":0.95,"lower_bound":341455790.622,"upper_bound":341924355.14075},"point_estimate":341684345.28,"standard_error":119536.67163518774},"median":{"confidence_interval":{"confidence_level":0.95,"lower_bound":341261437.0,"upper_bound":341777565.5},"point_estimate":341526532.0,"standard_error":136908.50709720954},"median_abs_dev":{"confidence_interval":{"confidence_level":0.95,"lower_bound":842401.4442443848,"upper_bound":1340510.5574011803},"point_estimate":1134581.8688571453,"standard_error":126141.28505941098},"slope":null,"std_dev":{"confidence_interval":{"confidence_level":0.95,"lower_bound":988374.4302453516,"upper_bound":1391023.0499097044},"point_estimate":1199186.7709691834,"standard_error":103104.90864175494}}