{"mean":{"confidence_interval":{"confidence_level":0.95,"lower_bound":11266379.644599997,"upper_bound":11332450.101150006},"point_estimate":11298466.465999996,"standard_error":16864.38915576459},"median":{"confidence_interval":{"confidence_level":0.95,"lower_bound":11238393.3,"upper_bound":11300410.8},"point_estimate":11271601.7,"standard_error":16465.18321242946},"median_abs_dev":{"confidence_interval":{"confidence_level":0.95,"lower_bound":90652.68583059366,"upper_bound":155219.32164430618},"point_estimate":121572.16002166244,"standard_error":16662.35883848074},"slope":null,"std_dev":{"confidence_interval":{"confidence_level":0.95,"lower_bound":132131.2944557102,"upper_bound":203685.05825973727},"point_estimate":169328.13160934113,"standard_error":18323.54791133164}}