{"mean":{"confidence_interval":{"confidence_level":0.95,"lower_bound":33375888.634625,"upper_bound":33584740.38325},"point_estimate":33474946.65,"standard_error":53124.91412411906},"median":{"confidence_interval":{"confidence_level":0.95,"lower_bound":33291391.75,"upper_bound":33479514.0},"point_estimate":33352046.5,"standard_error":48248.61003895651},"median_abs_dev":{"confidence_interval":{"confidence_level":0.95,"lower_bound":245406.61934316158,"upper_bound":451183.3413898945},"point_estimate":318552.54229456186,"standard_error":51115.51093990041},"slope":null,"std_dev":{"confidence_interval":{"confidence_level":0.95,"lower_bound":379057.12249159376,"upper_bound":700422.5402169465},"point_estimate":534099.2560714612,"standard_error":85099.54614427296}}