{"mean":{"confidence_interval":{"confidence_level":0.95,"lower_bound":39219034.38425,"upper_bound":39756305.699875},"point_estimate":39480628.485,"standard_error":136680.4825106185},"median":{"confidence_interval":{"confidence_level":0.95,"lower_bound":38954852.0,"upper_bound":39442136.25},"point_estimate":39316288.75,"standard_error":116230.28898308366},"median_abs_dev":{"confidence_interval":{"confidence_level":0.95,"lower_bound":841389.9404123425,"upper_bound":1347558.4670260549},"point_estimate":1079489.9364352226,"standard_error":127974.41763024328},"slope":null,"std_dev":{"confidence_interval":{"confidence_level":0.95,"lower_bound":1107493.6212874223,"upper_bound":1616911.0453236187},"point_estimate":1375701.7172068371,"standard_error":130666.47946670237}}