{"mean":{"confidence_interval":{"confidence_level":0.95,"lower_bound":4811548.158181818,"upper_bound":4821298.9895},"point_estimate":4816327.1009090915,"standard_error":2487.148888822016},"median":{"confidence_interval":{"confidence_level":0.95,"lower_bound":4806915.909090909,"upper_bound":4817206.772727273},"point_estimate":4812799.772727273,"standard_error":2182.2312572988076},"median_abs_dev":{"confidence_interval":{"confidence_level":0.95,"lower_bound":15256.627638230997,"upper_bound":25644.599135626384},"point_estimate":19482.23973594054,"standard_error":2779.874139323222},"slope":null,"std_dev":{"confidence_interval":{"confidence_level":0.95,"lower_bound":20222.02349700089,"upper_bound":29554.245431698702},"point_estimate":24985.750344231754,"standard_error":2394.702701196135}}