{"mean":{"confidence_interval":{"confidence_level":0.95,"lower_bound":6516653.13265625,"upper_bound":6556356.38559375},"point_estimate":6535921.39125,"standard_error":10120.451254632044},"median":{"confidence_interval":{"confidence_level":0.95,"lower_bound":6492777.75,"upper_bound":6537138.9375},"point_estimate":6520838.875,"standard_error":13202.739348634268},"median_abs_dev":{"confidence_interval":{"confidence_level":0.95,"lower_bound":62856.40114657581,"upper_bound":114229.50952202082},"point_estimate":91215.85143059492,"standard_error":13684.321838053946},"slope":null,"std_dev":{"confidence_interval":{"confidence_level":0.95,"lower_bound":78963.9376245605,"upper_bound":123911.81360086749},"point_estimate":101792.21533333795,"standard_error":11533.913746206643}}