{"mean":{"confidence_interval":{"confidence_level":0.95,"lower_bound":1993514.8575999995,"upper_bound":2588738.43495},"point_estimate":2277347.982,"standard_error":151814.9436974688},"median":{"confidence_interval":{"confidence_level":0.95,"lower_bound":1344627.3,"upper_bound":2111177.6},"point_estimate":1918917.2000000002,"standard_error":235748.08931127982},"median_abs_dev":{"confidence_interval":{"confidence_level":0.95,"lower_bound":509435.88043570507,"upper_bound":1369383.5988485815},"point_estimate":1084548.5675454142,"standard_error":251441.8918828463},"slope":null,"std_dev":{"confidence_interval":{"confidence_level":0.95,"lower_bound":1128249.8352255253,"upper_bound":1870765.5291823742},"point_estimate":1522015.6178941617,"standard_error":189355.5479538456}}