{"mean":{"confidence_interval":{"confidence_level":0.95,"lower_bound":82947416.37775,"upper_bound":87361888.67125},"point_estimate":85014199.38,"standard_error":1129167.2642637992},"median":{"confidence_interval":{"confidence_level":0.95,"lower_bound":79678154.0,"upper_bound":82347778.0},"point_estimate":80833493.5,"standard_error":672100.5251079641},"median_abs_dev":{"confidence_interval":{"confidence_level":0.95,"lower_bound":3029388.3719176054,"upper_bound":6096171.6031388175},"point_estimate":4571234.523144364,"standard_error":801434.9398145898},"slope":null,"std_dev":{"confidence_interval":{"confidence_level":0.95,"lower_bound":7735288.423646948,"upper_bound":14547666.118620314},"point_estimate":11348066.695749952,"standard_error":1744617.193940123}}