{"mean":{"confidence_interval":{"confidence_level":0.95,"lower_bound":73505808.745,"upper_bound":74909416.84075},"point_estimate":74198194.84,"standard_error":359924.25909333065},"median":{"confidence_interval":{"confidence_level":0.95,"lower_bound":72826630.5,"upper_bound":75093350.0},"point_estimate":73985156.5,"standard_error":660247.8987963267},"median_abs_dev":{"confidence_interval":{"confidence_level":0.95,"lower_bound":2886891.240647435,"upper_bound":4529313.267588615},"point_estimate":3812396.119916439,"standard_error":419284.84287301044},"slope":null,"std_dev":{"confidence_interval":{"confidence_level":0.95,"lower_bound":3042910.1667700117,"upper_bound":4187939.051069287},"point_estimate":3636382.2908559027,"standard_error":292566.04180751526}}