{"mean":{"confidence_interval":{"confidence_level":0.95,"lower_bound":98012455.62325001,"upper_bound":101117018.3985},"point_estimate":99394749.01,"standard_error":797286.0316334023},"median":{"confidence_interval":{"confidence_level":0.95,"lower_bound":97051594.0,"upper_bound":98434119.0},"point_estimate":97844021.5,"standard_error":410438.20502672537},"median_abs_dev":{"confidence_interval":{"confidence_level":0.95,"lower_bound":2328515.0130680962,"upper_bound":3702212.2550725937},"point_estimate":3081988.0537837744,"standard_error":339435.28610586},"slope":null,"std_dev":{"confidence_interval":{"confidence_level":0.95,"lower_bound":3940599.3496366017,"upper_bound":11876035.16146736},"point_estimate":8053858.512070274,"standard_error":2144766.783429722}}