{"mean":{"confidence_interval":{"confidence_level":0.95,"lower_bound":152809608.98749998,"upper_bound":153082405.16725},"point_estimate":152942160.39,"standard_error":69735.49582103359},"median":{"confidence_interval":{"confidence_level":0.95,"lower_bound":152633446.0,"upper_bound":152962589.0},"point_estimate":152844415.0,"standard_error":96762.08341800753},"median_abs_dev":{"confidence_interval":{"confidence_level":0.95,"lower_bound":412291.77888035815,"upper_bound":753131.8759292364},"point_estimate":564076.6576856375,"standard_error":87383.84186383095},"slope":null,"std_dev":{"confidence_interval":{"confidence_level":0.95,"lower_bound":569500.6561917128,"upper_bound":811369.6601580159},"point_estimate":701365.7083859569,"standard_error":61529.087321324674}}