{"mean":{"confidence_interval":{"confidence_level":0.95,"lower_bound":186520531.186,"upper_bound":188681391.49425},"point_estimate":187598322.48,"standard_error":553432.9158480994},"median":{"confidence_interval":{"confidence_level":0.95,"lower_bound":186215718.0,"upper_bound":188239618.0},"point_estimate":186926213.0,"standard_error":509144.8953486125},"median_abs_dev":{"confidence_interval":{"confidence_level":0.95,"lower_bound":3313232.878178358,"upper_bound":6243376.007857919},"point_estimate":4796244.273349643,"standard_error":775875.3100543269},"slope":null,"std_dev":{"confidence_interval":{"confidence_level":0.95,"lower_bound":4734845.867138312,"upper_bound":6269249.499135559},"point_estimate":5547041.91746419,"standard_error":391428.3878429037}}