{"mean":{"confidence_interval":{"confidence_level":0.95,"lower_bound":9625696.84575,"upper_bound":9748405.443541668},"point_estimate":9679383.708333336,"standard_error":31567.079885499057},"median":{"confidence_interval":{"confidence_level":0.95,"lower_bound":9561252.666666666,"upper_bound":9615446.25},"point_estimate":9596637.416666668,"standard_error":12264.629494854546},"median_abs_dev":{"confidence_interval":{"confidence_level":0.95,"lower_bound":82903.90177816061,"upper_bound":164612.45732754422},"point_estimate":118362.13339865392,"standard_error":19270.347074180543},"slope":null,"std_dev":{"confidence_interval":{"confidence_level":0.95,"lower_bound":160273.39788359005,"upper_bound":475408.19426517823},"point_estimate":316249.4830113431,"standard_error":93898.17829131104}}