{"mean":{"confidence_interval":{"confidence_level":0.95,"lower_bound":352656184.439,"upper_bound":354361108.264},"point_estimate":353500098.16,"standard_error":435034.3873986994},"median":{"confidence_interval":{"confidence_level":0.95,"lower_bound":351577095.0,"upper_bound":354265426.0},"point_estimate":352969714.0,"standard_error":644565.247205237},"median_abs_dev":{"confidence_interval":{"confidence_level":0.95,"lower_bound":3533345.600670576,"upper_bound":5771510.804550196},"point_estimate":4857486.030462384,"standard_error":572071.2505900548},"slope":null,"std_dev":{"confidence_interval":{"confidence_level":0.95,"lower_bound":3803282.9551310735,"upper_bound":4899552.646647402},"point_estimate":4378211.278944014,"standard_error":280266.4714512574}}