{"mean":{"confidence_interval":{"confidence_level":0.95,"lower_bound":23482528.54925,"upper_bound":23596458.51174999},"point_estimate":23536095.60666666,"standard_error":29023.5811436471},"median":{"confidence_interval":{"confidence_level":0.95,"lower_bound":23455487.333333332,"upper_bound":23521686.666666668},"point_estimate":23479506.666666664,"standard_error":16106.012698440274},"median_abs_dev":{"confidence_interval":{"confidence_level":0.95,"lower_bound":123549.50360655785,"upper_bound":242266.71969890778},"point_estimate":168743.8457041942,"standard_error":28852.621485749194},"slope":null,"std_dev":{"confidence_interval":{"confidence_level":0.95,"lower_bound":197484.49353887205,"upper_bound":388000.11889427947},"point_estimate":291743.0226356756,"standard_error":50022.39556913794}}