{"mean":{"confidence_interval":{"confidence_level":0.95,"lower_bound":10963406.284099996,"upper_bound":11432696.677999998},"point_estimate":11172892.601999996,"standard_error":120027.13783969075},"median":{"confidence_interval":{"confidence_level":0.95,"lower_bound":10646988.2,"upper_bound":11039485.8},"point_estimate":10855688.600000001,"standard_error":107192.1072671129},"median_abs_dev":{"confidence_interval":{"confidence_level":0.95,"lower_bound":430526.5094661263,"upper_bound":840188.9603036632},"point_estimate":639754.0459620969,"standard_error":110531.66694447497},"slope":null,"std_dev":{"confidence_interval":{"confidence_level":0.95,"lower_bound":627488.4626636294,"upper_bound":1731265.6267849747},"point_estimate":1205023.4951848025,"standard_error":294985.77743423416}}