{"mean":{"confidence_interval":{"confidence_level":0.95,"lower_bound":25378937.9735,"upper_bound":25717648.857},"point_estimate":25543439.92,"standard_error":86307.48689044779},"median":{"confidence_interval":{"confidence_level":0.95,"lower_bound":25316418.75,"upper_bound":25615210.75},"point_estimate":25511854.0,"standard_error":78722.84166934928},"median_abs_dev":{"confidence_interval":{"confidence_level":0.95,"lower_bound":453159.64715480804,"upper_bound":846623.518319428},"point_estimate":639314.5291998982,"standard_error":104668.02021617659},"slope":null,"std_dev":{"confidence_interval":{"confidence_level":0.95,"lower_bound":661521.6612785712,"upper_bound":1059484.6356469356},"point_estimate":864099.621102593,"standard_error":102551.8774297189}}