{"mean":{"confidence_interval":{"confidence_level":0.95,"lower_bound":4794292.478795455,"upper_bound":4883131.048704542},"point_estimate":4837060.634545455,"standard_error":22781.261155752356},"median":{"confidence_interval":{"confidence_level":0.95,"lower_bound":4701156.2727272725,"upper_bound":4799657.909090909},"point_estimate":4738026.363636363,"standard_error":22620.678411453817},"median_abs_dev":{"confidence_interval":{"confidence_level":0.95,"lower_bound":71540.97478443963,"upper_bound":199065.1267477063},"point_estimate":122732.38884833676,"standard_error":30183.598080477812},"slope":null,"std_dev":{"confidence_interval":{"confidence_level":0.95,"lower_bound":185409.16075841058,"upper_bound":268568.6104315489},"point_estimate":229665.18365657356,"standard_error":21293.32686336481}}