{"mean":{"confidence_interval":{"confidence_level":0.95,"lower_bound":84738119.5605,"upper_bound":84876605.1665},"point_estimate":84805370.99,"standard_error":35294.75704974202},"median":{"confidence_interval":{"confidence_level":0.95,"lower_bound":84648480.0,"upper_bound":84858868.0},"point_estimate":84740419.0,"standard_error":56110.02383619942},"median_abs_dev":{"confidence_interval":{"confidence_level":0.95,"lower_bound":266827.22376286983,"upper_bound":408649.08634252846},"point_estimate":346726.7602443695,"standard_error":37870.59840690336},"slope":null,"std_dev":{"confidence_interval":{"confidence_level":0.95,"lower_bound":287669.48232151225,"upper_bound":418818.6508439827},"point_estimate":355147.1575165863,"standard_error":33748.04745408589}}