{"mean":{"confidence_interval":{"confidence_level":0.95,"lower_bound":97654385.56175001,"upper_bound":98248317.91075},"point_estimate":97933715.31,"standard_error":152036.488825699},"median":{"confidence_interval":{"confidence_level":0.95,"lower_bound":97447848.0,"upper_bound":97755299.0},"point_estimate":97605343.5,"standard_error":79410.12999646775},"median_abs_dev":{"confidence_interval":{"confidence_level":0.95,"lower_bound":576498.8439550998,"upper_bound":987969.7813600302},"point_estimate":793681.7265093327,"standard_error":100774.73562665102},"slope":null,"std_dev":{"confidence_interval":{"confidence_level":0.95,"lower_bound":1022284.6692633497,"upper_bound":1951658.317629847},"point_estimate":1533541.947747082,"standard_error":237232.57147472975}}