{"mean":{"confidence_interval":{"confidence_level":0.95,"lower_bound":20228858.387083333,"upper_bound":20725626.891833324},"point_estimate":20470093.113333333,"standard_error":126743.68648551163},"median":{"confidence_interval":{"confidence_level":0.95,"lower_bound":19766209.333333332,"upper_bound":20348155.833333332},"point_estimate":20107447.833333332,"standard_error":168781.5492581721},"median_abs_dev":{"confidence_interval":{"confidence_level":0.95,"lower_bound":680211.9259238262,"upper_bound":1324935.8446776895},"point_estimate":1023666.8351262817,"standard_error":165508.07427277102},"slope":null,"std_dev":{"confidence_interval":{"confidence_level":0.95,"lower_bound":1041979.1998895273,"upper_bound":1492353.5854605946},"point_estimate":1280296.6611864897,"standard_error":114732.45560357031}}