{"mean":{"confidence_interval":{"confidence_level":0.95,"lower_bound":1035235131.218,"upper_bound":1040733596.9812499},"point_estimate":1038002412.19,"standard_error":1406584.4029307636},"median":{"confidence_interval":{"confidence_level":0.95,"lower_bound":1035191807.5,"upper_bound":1041077733.0},"point_estimate":1038178167.0,"standard_error":1392736.9224094544},"median_abs_dev":{"confidence_interval":{"confidence_level":0.95,"lower_bound":10810557.102674246,"upper_bound":18533450.01756549},"point_estimate":14758399.849686027,"standard_error":2006568.8911400395},"slope":null,"std_dev":{"confidence_interval":{"confidence_level":0.95,"lower_bound":12373789.715201862,"upper_bound":15765212.216049185},"point_estimate":14178841.496012948,"standard_error":865373.1734491473}}