{"mean":{"confidence_interval":{"confidence_level":0.95,"lower_bound":614594950.8522501,"upper_bound":615327332.6632501},"point_estimate":614954479.58,"standard_error":186249.33545664372},"median":{"confidence_interval":{"confidence_level":0.95,"lower_bound":614502757.0,"upper_bound":615152432.5},"point_estimate":614797618.0,"standard_error":169404.26662829504},"median_abs_dev":{"confidence_interval":{"confidence_level":0.95,"lower_bound":1091600.5543202162,"upper_bound":2129161.303289828},"point_estimate":1577438.187494874,"standard_error":285523.5292683704},"slope":null,"std_dev":{"confidence_interval":{"confidence_level":0.95,"lower_bound":1556662.5288206355,"upper_bound":2143501.1982573755},"point_estimate":1866742.907043921,"standard_error":149425.8265937975}}