{"mean":{"confidence_interval":{"confidence_level":0.95,"lower_bound":62051587.25,"upper_bound":62370767.58375},"point_estimate":62207405.05,"standard_error":81740.69889027302},"median":{"confidence_interval":{"confidence_level":0.95,"lower_bound":61906859.0,"upper_bound":62273853.5},"point_estimate":62153929.0,"standard_error":85400.53660171997},"median_abs_dev":{"confidence_interval":{"confidence_level":0.95,"lower_bound":492295.0973600149,"upper_bound":911103.4590996795},"point_estimate":651072.6589411497,"standard_error":105614.23024888344},"slope":null,"std_dev":{"confidence_interval":{"confidence_level":0.95,"lower_bound":657344.6168063472,"upper_bound":977385.776874908},"point_estimate":820969.8279032072,"standard_error":82063.74834489117}}