{"mean":{"confidence_interval":{"confidence_level":0.95,"lower_bound":4498262.871204546,"upper_bound":4524371.231704544},"point_estimate":4510787.142727272,"standard_error":6652.66187409782},"median":{"confidence_interval":{"confidence_level":0.95,"lower_bound":4477962.545454545,"upper_bound":4501290.2727272725},"point_estimate":4486833.409090909,"standard_error":6217.550743071275},"median_abs_dev":{"confidence_interval":{"confidence_level":0.95,"lower_bound":27921.114547483445,"upper_bound":54657.144816687716},"point_estimate":39912.53476413864,"standard_error":6946.033436565959},"slope":null,"std_dev":{"confidence_interval":{"confidence_level":0.95,"lower_bound":52227.42725375617,"upper_bound":79255.81690599768},"point_estimate":66812.92866698201,"standard_error":6882.468144368477}}