{"mean":{"confidence_interval":{"confidence_level":0.95,"lower_bound":55515191.248500004,"upper_bound":55999197.9505},"point_estimate":55738430.26,"standard_error":123539.16315157153},"median":{"confidence_interval":{"confidence_level":0.95,"lower_bound":55385728.0,"upper_bound":55667839.0},"point_estimate":55496737.0,"standard_error":71137.6366535511},"median_abs_dev":{"confidence_interval":{"confidence_level":0.95,"lower_bound":378847.28867411613,"upper_bound":666573.2416659594},"point_estimate":478394.24000680447,"standard_error":73076.9355132293},"slope":null,"std_dev":{"confidence_interval":{"confidence_level":0.95,"lower_bound":786057.3291291595,"upper_bound":1618161.8587846535},"point_estimate":1239697.8204578613,"standard_error":212382.10717843496}}