{"mean":{"confidence_interval":{"confidence_level":0.95,"lower_bound":20853711.641749997,"upper_bound":20903464.400666665},"point_estimate":20874916.773333326,"standard_error":12839.523559412102},"median":{"confidence_interval":{"confidence_level":0.95,"lower_bound":20837423.0,"upper_bound":20867678.0},"point_estimate":20850452.166666664,"standard_error":6411.641668260586},"median_abs_dev":{"confidence_interval":{"confidence_level":0.95,"lower_bound":43909.17502045447,"upper_bound":76559.48584079651},"point_estimate":56504.35599684623,"standard_error":8445.348729167115},"slope":null,"std_dev":{"confidence_interval":{"confidence_level":0.95,"lower_bound":59967.731657611526,"upper_bound":201028.00966324602},"point_estimate":129246.76882250089,"standard_error":44150.484857992036}}