{"mean":{"confidence_interval":{"confidence_level":0.95,"lower_bound":8667196.041041661,"upper_bound":8682806.739624996},"point_estimate":8674799.54333333,"standard_error":3982.380431237541},"median":{"confidence_interval":{"confidence_level":0.95,"lower_bound":8659186.5,"upper_bound":8677487.916666666},"point_estimate":8669417.666666668,"standard_error":4811.439454483033},"median_abs_dev":{"confidence_interval":{"confidence_level":0.95,"lower_bound":26327.02193260285,"upper_bound":41153.63941937685},"point_estimate":33254.9645096082,"standard_error":3897.462250237364},"slope":null,"std_dev":{"confidence_interval":{"confidence_level":0.95,"lower_bound":32557.568689690215,"upper_bound":46205.39804918755},"point_estimate":39821.8677551654,"standard_error":3490.276451804094}}