{"mean":{"confidence_interval":{"confidence_level":0.95,"lower_bound":6113321.465722222,"upper_bound":6172697.27338889},"point_estimate":6140218.925555554,"standard_error":15217.077738284022},"median":{"confidence_interval":{"confidence_level":0.95,"lower_bound":6095596.888888889,"upper_bound":6121603.833333334},"point_estimate":6108486.722222222,"standard_error":6987.303272891008},"median_abs_dev":{"confidence_interval":{"confidence_level":0.95,"lower_bound":55365.63685039664,"upper_bound":108540.32040635683},"point_estimate":86287.400834759,"standard_error":13894.17717159009},"slope":null,"std_dev":{"confidence_interval":{"confidence_level":0.95,"lower_bound":80824.59326461397,"upper_bound":221337.3462378834},"point_estimate":153124.81082467022,"standard_error":37677.09323720556}}