{"mean":{"confidence_interval":{"confidence_level":0.95,"lower_bound":308256327.172,"upper_bound":309174052.9415},"point_estimate":308706781.78,"standard_error":234522.90146248255},"median":{"confidence_interval":{"confidence_level":0.95,"lower_bound":307815242.0,"upper_bound":308928578.0},"point_estimate":308340636.0,"standard_error":301221.59407122014},"median_abs_dev":{"confidence_interval":{"confidence_level":0.95,"lower_bound":1536804.570016265,"upper_bound":2499085.3601648654},"point_estimate":2079607.4006795883,"standard_error":240996.92702106622},"slope":null,"std_dev":{"confidence_interval":{"confidence_level":0.95,"lower_bound":1946565.0297241055,"upper_bound":2743087.590264764},"point_estimate":2360267.8164270264,"standard_error":203003.6779605892}}