{"mean":{"confidence_interval":{"confidence_level":0.95,"lower_bound":4378741.839545455,"upper_bound":4436919.409886363},"point_estimate":4406917.075454545,"standard_error":14820.59545779599},"median":{"confidence_interval":{"confidence_level":0.95,"lower_bound":4337581.772727273,"upper_bound":4434271.181818182},"point_estimate":4387610.636363637,"standard_error":26344.393535982093},"median_abs_dev":{"confidence_interval":{"confidence_level":0.95,"lower_bound":99077.37148647921,"upper_bound":163538.7292238794},"point_estimate":138645.4713203696,"standard_error":14939.858364423253},"slope":null,"std_dev":{"confidence_interval":{"confidence_level":0.95,"lower_bound":117899.23704452354,"upper_bound":182426.29187047304},"point_estimate":149032.43990007453,"standard_error":16753.871335110194}}