{"mean":{"confidence_interval":{"confidence_level":0.95,"lower_bound":2325672.7182386355,"upper_bound":2335037.362863636},"point_estimate":2329778.70909091,"standard_error":2406.742987508838},"median":{"confidence_interval":{"confidence_level":0.95,"lower_bound":2321612.3181818184,"upper_bound":2325711.090909091},"point_estimate":2323518.295454546,"standard_error":1184.1545597940337},"median_abs_dev":{"confidence_interval":{"confidence_level":0.95,"lower_bound":5523.5609837552465,"upper_bound":10999.948331984795},"point_estimate":7956.136890568391,"standard_error":1354.1749738289936},"slope":null,"std_dev":{"confidence_interval":{"confidence_level":0.95,"lower_bound":11594.78585849635,"upper_bound":36245.66562991309},"point_estimate":24139.736413852348,"standard_error":6995.422693324504}}