{"mean":{"confidence_interval":{"confidence_level":0.95,"lower_bound":97867758.74800001,"upper_bound":98519467.38000001},"point_estimate":98165602.1,"standard_error":167255.41769958142},"median":{"confidence_interval":{"confidence_level":0.95,"lower_bound":97497188.0,"upper_bound":97995758.0},"point_estimate":97764104.0,"standard_error":113943.02910831166},"median_abs_dev":{"confidence_interval":{"confidence_level":0.95,"lower_bound":596777.6240050793,"upper_bound":1006101.9790381193},"point_estimate":810035.5455189943,"standard_error":104757.49541869332},"slope":null,"std_dev":{"confidence_interval":{"confidence_level":0.95,"lower_bound":999815.1003946252,"upper_bound":2340995.420486191},"point_estimate":1680838.8456142212,"standard_error":353863.269660956}}