{"mean":{"confidence_interval":{"confidence_level":0.95,"lower_bound":19311848.103083327,"upper_bound":19420754.763083328},"point_estimate":19364713.979999993,"standard_error":27737.231301203487},"median":{"confidence_interval":{"confidence_level":0.95,"lower_bound":19265997.666666668,"upper_bound":19387419.333333332},"point_estimate":19342705.833333336,"standard_error":36219.0574011993},"median_abs_dev":{"confidence_interval":{"confidence_level":0.95,"lower_bound":163764.53369259465,"upper_bound":265674.7493833294},"point_estimate":210270.23546695802,"standard_error":27213.405335710042},"slope":null,"std_dev":{"confidence_interval":{"confidence_level":0.95,"lower_bound":214214.727120676,"upper_bound":340213.0509514142},"point_estimate":279046.6698511373,"standard_error":32308.056266078944}}