{"mean":{"confidence_interval":{"confidence_level":0.95,"lower_bound":10910790.54395,"upper_bound":11024474.8558},"point_estimate":10964746.175999997,"standard_error":29052.354296105354},"median":{"confidence_interval":{"confidence_level":0.95,"lower_bound":10828566.8,"upper_bound":10893777.4},"point_estimate":10867884.2,"standard_error":19164.532192524035},"median_abs_dev":{"confidence_interval":{"confidence_level":0.95,"lower_bound":101022.28656649672,"upper_bound":188081.92101287856},"point_estimate":142498.46561014708,"standard_error":23067.27309762885},"slope":null,"std_dev":{"confidence_interval":{"confidence_level":0.95,"lower_bound":217794.6384223107,"upper_bound":355651.0737912374},"point_estimate":292130.3092236077,"standard_error":35305.860858821565}}