{"mean":{"confidence_interval":{"confidence_level":0.95,"lower_bound":4327160.329062499,"upper_bound":4351828.407708333},"point_estimate":4339039.873333333,"standard_error":6287.918195531343},"median":{"confidence_interval":{"confidence_level":0.95,"lower_bound":4317529.5,"upper_bound":4345509.75},"point_estimate":4330015.791666666,"standard_error":7730.323728406134},"median_abs_dev":{"confidence_interval":{"confidence_level":0.95,"lower_bound":38607.273964583874,"upper_bound":64601.20510309911},"point_estimate":50250.93463286665,"standard_error":6652.142099859916},"slope":null,"std_dev":{"confidence_interval":{"confidence_level":0.95,"lower_bound":47237.15161675944,"upper_bound":78257.19743513032},"point_estimate":62942.62305469812,"standard_error":7983.897002377243}}