{"mean":{"confidence_interval":{"confidence_level":0.95,"lower_bound":13807181.865750002,"upper_bound":13923214.278437499},"point_estimate":13861841.005,"standard_error":29557.81580062848},"median":{"confidence_interval":{"confidence_level":0.95,"lower_bound":13758859.25,"upper_bound":13842322.25},"point_estimate":13802235.875,"standard_error":21433.692109129097},"median_abs_dev":{"confidence_interval":{"confidence_level":0.95,"lower_bound":117801.09285861254,"upper_bound":216464.41460698843},"point_estimate":155566.06471315026,"standard_error":24961.39591338861},"slope":null,"std_dev":{"confidence_interval":{"confidence_level":0.95,"lower_bound":200101.1725236274,"upper_bound":380202.9326634061},"point_estimate":296965.42454724887,"standard_error":45906.77215929056}}