{"mean":{"confidence_interval":{"confidence_level":0.95,"lower_bound":33005995.413125,"upper_bound":33109627.483625002},"point_estimate":33049659.94,"standard_error":26876.60535050835},"median":{"confidence_interval":{"confidence_level":0.95,"lower_bound":32964611.0,"upper_bound":33022500.25},"point_estimate":32998532.25,"standard_error":17863.857754226323},"median_abs_dev":{"confidence_interval":{"confidence_level":0.95,"lower_bound":78514.04680609703,"upper_bound":138250.60356181106},"point_estimate":109735.3783518076,"standard_error":14860.895162790428},"slope":null,"std_dev":{"confidence_interval":{"confidence_level":0.95,"lower_bound":118491.44160301195,"upper_bound":422755.1366659433},"point_estimate":269634.82708271506,"standard_error":96603.39210136201}}