{"mean":{"confidence_interval":{"confidence_level":0.95,"lower_bound":7795770.977035715,"upper_bound":7841048.42917857},"point_estimate":7817111.177142854,"standard_error":11574.200806067147},"median":{"confidence_interval":{"confidence_level":0.95,"lower_bound":7779051.571428571,"upper_bound":7816439.428571428},"point_estimate":7794107.785714285,"standard_error":8352.193055772019},"median_abs_dev":{"confidence_interval":{"confidence_level":0.95,"lower_bound":55940.82680685239,"upper_bound":95461.96480521036},"point_estimate":67638.85829917052,"standard_error":10425.196842407246},"slope":null,"std_dev":{"confidence_interval":{"confidence_level":0.95,"lower_bound":81128.95008149174,"upper_bound":146000.05502556093},"point_estimate":116054.58387624932,"standard_error":16637.98908300766}}