{"mean":{"confidence_interval":{"confidence_level":0.95,"lower_bound":6541230.579892854,"upper_bound":6786745.280214286},"point_estimate":6658760.642857142,"standard_error":62601.59677253035},"median":{"confidence_interval":{"confidence_level":0.95,"lower_bound":6382370.785714285,"upper_bound":6671335.714285715},"point_estimate":6529805.214285715,"standard_error":71994.04004485089},"median_abs_dev":{"confidence_interval":{"confidence_level":0.95,"lower_bound":380712.9289409946,"upper_bound":610339.3895643101},"point_estimate":487308.584148543,"standard_error":60159.90796348217},"slope":null,"std_dev":{"confidence_interval":{"confidence_level":0.95,"lower_bound":466207.2838401378,"upper_bound":806163.8303481606},"point_estimate":630386.8585429707,"standard_error":89695.39004106044}}